{"instruct_json": {"string_format_metric": 1.0, "string_args_em_metric": 0.9316, "json_format_metric": 1.0, "json_args_em_metric": 0.9494}, "review_str": {"parse_rate": 1.0, "review_quality": 0.9542}, "plan_json": {"precision": 0.9542010073260072, "recall": 0.9336080586080586, "f1_score": 0.9400356587856588, "parse_rate": 1.0}, "reason_str": {"thought": 0.7150787711143494, "parse_rate": 1.0}, "retrieve_str": {"name": 0.9827044025157232, "parse_rate": 1.0}, "understand_str": {"args": 0.6722400890822386, "parse_rate": 1.0}}