{"instruct_json": {"string_format_metric": 0.9548, "string_args_em_metric": 0.7839, "json_format_metric": 1.0, "json_args_em_metric": 1.0}, "review_str": {"parse_rate": 1.0, "review_quality": 0.8397}, "plan_json": {"precision": 0.9606045751633987, "recall": 0.9383969951617012, "f1_score": 0.9449087595411125, "parse_rate": 0.9794117647058823}, "reason_str": {"thought": 0.7368637919425964, "parse_rate": 1.0}, "understand_str": {"args": 0.5490196078431373, "parse_rate": 1.0}, "retrieve_str": {"name": 0.9779874213836478, "parse_rate": 1.0}}