{"instruct_json": {"string_format_metric": 1.0, "string_args_em_metric": 0.4758, "json_format_metric": 1.0, "json_args_em_metric": 1.0}, "review_str": {"parse_rate": 0.9915, "review_quality": 0.6517}, "plan_json": {"precision": 0.8985994397759104, "recall": 0.8885137085137085, "f1_score": 0.8885490408284527, "parse_rate": 0.9470588235294117}, "reason_str": {"thought": 0.727289617061615, "parse_rate": 1.0}, "understand_str": {"args": 0.39215686274509803, "parse_rate": 1.0}}