{"instruct_json": {"string_format_metric": 1.0, "string_args_em_metric": 0.9314, "json_format_metric": 1.0, "json_args_em_metric": 0.9519}, "review_str": {"parse_rate": 1.0, "review_quality": 0.5657}, "plan_json": {"precision": 0.9716575091575093, "recall": 0.9630952380952381, "f1_score": 0.9643889764082072, "parse_rate": 1.0}, "reason_str": {"thought": 0.7464202046394348, "parse_rate": 1.0}, "retrieve_str": {"name": 0.9795597484276729, "parse_rate": 1.0}, "understand_str": {"args": 0.8509924799653154, "parse_rate": 1.0}}