{"instruct_json": {"string_format_metric": 1.0, "string_args_em_metric": 0.9536, "json_format_metric": 1.0, "json_args_em_metric": 0.9545}, "review_str": {"parse_rate": 1.0, "review_quality": 0.3408}, "plan_json": {"precision": 0.975015873015873, "recall": 0.9741666666666666, "f1_score": 0.9729665889665888, "parse_rate": 0.9866666666666667}, "reason_str": {"thought": 0.6285111904144287, "parse_rate": 1.0}, "retrieve_str": {"name": 0.9939024390243902, "parse_rate": 1.0}, "understand_str": {"args": 0.46808510638297873, "parse_rate": 1.0}}