{"instruct_json": {"string_format_metric": 0.0, "string_args_em_metric": 0.0, "json_format_metric": 0.5, "json_args_em_metric": 0.5}, "review_str": {"parse_rate": 0.4359, "review_quality": 0.2607}, "plan_json": {"precision": 0.10568627450980393, "recall": 0.10380252100840337, "f1_score": 0.10448412698412697, "parse_rate": 0.12058823529411765}, "reason_str": {"thought": 0.5437788367271423, "parse_rate": 1.0}, "understand_str": {"args": 0.3464052287581699, "parse_rate": 1.0}}