{"instruct_json": {"string_format_metric": 1.0, "string_args_em_metric": 0.9546, "json_format_metric": 1.0, "json_args_em_metric": 0.9545}, "review_str": {"parse_rate": 1.0, "review_quality": 0.9193}, "plan_json": {"precision": 0.9820000000000001, "recall": 0.9721666666666666, "f1_score": 0.9757724867724867, "parse_rate": 0.9933333333333333}, "reason_str": {"thought": 0.7411308288574219, "parse_rate": 1.0}, "retrieve_str": {"name": 0.9939024390243902, "parse_rate": 1.0}, "understand_str": {"args": 0.2127659574468085, "parse_rate": 1.0}}