{"instruct_json": {"string_format_metric": 0.0, "string_args_em_metric": 0.0, "json_format_metric": 0.8, "json_args_em_metric": 0.7581}, "review_str": {"parse_rate": 0.5919, "review_quality": 0.2152}, "plan_json": {"precision": 0.009666666666666667, "recall": 0.009666666666666667, "f1_score": 0.009666666666666667, "parse_rate": 0.02}, "reason_str": {"thought": 0.575693666934967, "parse_rate": 1.0}, "retrieve_str": {"name": 0.23170731707317074, "parse_rate": 1.0}}