{"instruct_json": {"string_format_metric": 0.0, "string_args_em_metric": 0.0, "json_format_metric": 0.8593, "json_args_em_metric": 0.8191}, "review_str": {"parse_rate": 0.4919, "review_quality": 0.2777}, "plan_json": {"precision": 0.03685897435897436, "recall": 0.03493589743589744, "f1_score": 0.03579059829059829, "parse_rate": 0.038461538461538464}, "reason_str": {"thought": 0.5583744049072266, "parse_rate": 1.0}, "retrieve_str": {"name": 0.550314465408805, "parse_rate": 1.0}, "understand_str": {"args": 0.660734426174032, "parse_rate": 1.0}}