{"instruct_json": {"string_format_metric": 1.0, "string_args_em_metric": 0.8961, "json_format_metric": 1.0, "json_args_em_metric": 1.0}, "review_str": {"parse_rate": 1.0, "review_quality": 0.656}, "plan_json": {"precision": 0.9837324929971989, "recall": 0.9615743570155336, "f1_score": 0.9689208014208014, "parse_rate": 1.0}, "reason_str": {"thought": 0.8205558657646179, "parse_rate": 1.0},  "understand_str": {"args": 0.5947712418300654, "parse_rate": 1.0}}