{"instruct_json": {"string_format_metric": 1.0, "string_args_em_metric": 0.8978, "json_format_metric": 1.0, "json_args_em_metric": 1.0}, "review_str": {"parse_rate": 1.0, "review_quality": 0.9509}, "plan_json": {"precision": 0.9786274509803922, "recall": 0.9474740047534164, "f1_score": 0.9587549868432222, "parse_rate": 1.0}, "reason_str": {"thought": 0.8247814178466797, "parse_rate": 1.0}, "understand_str": {"args": 0.46405228758169936, "parse_rate": 1.0}}