{"instruct_json": {"string_format_metric": 0.9886, "string_args_em_metric": 0.8005, "json_format_metric": 0.9778, "json_args_em_metric": 0.7844}, "review_str": {"parse_rate": 1.0, "review_quality": 0.8124}, "plan_json": {"precision": 0.9628891941391942, "recall": 0.9351190476190475, "f1_score": 0.9424330477215093, "parse_rate": 1.0}, "retrieve_str": {"name": 0.9811320754716981, "parse_rate": 1.0}, "reason_str": {"thought": 0.7244347333908081, "parse_rate": 1.0}, "understand_str": {"args": 0.5879396984924623, "parse_rate": 1.0}}