{"instruct_json": {"string_format_metric": 0.9977, "string_args_em_metric": 0.5744, "json_format_metric": 0.9704, "json_args_em_metric": 0.937}, "review_str": {"parse_rate": 1.0, "review_quality": 0.5657}, "plan_json": {"precision": 0.9192307692307692, "recall": 0.9055402930402929, "f1_score": 0.9059438927085987, "parse_rate": 0.9807692307692307}, "retrieve_str": {"name": 0.9371069182389937, "parse_rate": 1.0}, "reason_str": {"thought": 0.7224310040473938, "parse_rate": 1.0}, "understand_str": {"args": 0.7543418449373102, "parse_rate": 1.0}}